fever,cough,fatigue,headache,runny_nose,sneezing,itching,nausea,prognosis
1,1,1,1,0,0,0,0,Flu-like illness
1,1,1,0,0,0,0,0,Flu-like illness
1,0,1,1,0,0,0,0,Flu-like illness
1,1,0,1,0,0,0,0,Flu-like illness
1,1,1,1,1,0,0,0,Flu-like illness
1,0,1,0,0,0,0,0,Flu-like illness
1,1,1,0,1,0,0,0,Flu-like illness
0,1,1,1,0,0,0,0,Flu-like illness
1,1,0,0,0,0,0,0,Flu-like illness
1,0,1,1,1,0,0,0,Flu-like illness
0,0,0,0,1,1,0,0,Allergy-like symptoms
0,0,0,0,1,1,1,0,Allergy-like symptoms
0,0,0,0,1,0,1,0,Allergy-like symptoms
0,0,0,0,1,1,0,1,Allergy-like symptoms
0,0,0,0,0,1,1,0,Allergy-like symptoms
0,0,0,0,1,1,1,1,Allergy-like symptoms
0,0,0,0,1,0,0,1,Allergy-like symptoms
0,0,0,0,0,1,0,0,Allergy-like symptoms
0,0,0,0,1,1,0,0,Allergy-like symptoms
0,0,0,0,1,0,1,1,Allergy-like symptoms
0,0,0,0,0,0,0,1,Digestive upset
0,0,0,0,0,0,0,1,Digestive upset
0,0,0,0,0,0,1,1,Digestive upset
0,0,0,0,0,0,0,1,Digestive upset
0,0,0,1,0,0,0,1,Digestive upset
0,0,0,0,0,0,1,1,Digestive upset
0,0,0,0,0,0,0,1,Digestive upset
0,0,1,0,0,0,0,1,Digestive upset
0,0,0,0,0,0,1,1,Digestive upset
0,0,0,0,0,0,0,1,Digestive upset
0,0,0,1,0,0,0,0,Headache-like symptoms
0,0,0,1,0,0,0,0,Headache-like symptoms
0,0,1,1,0,0,0,0,Headache-like symptoms
0,0,0,1,0,0,0,0,Headache-like symptoms
1,0,0,1,0,0,0,0,Headache-like symptoms
0,0,0,1,0,0,0,0,Headache-like symptoms
0,0,0,1,0,0,0,0,Headache-like symptoms
0,0,0,1,0,0,0,0,Headache-like symptoms
0,0,0,1,0,0,0,0,Headache-like symptoms
0,0,0,1,0,0,0,0,Headache-like symptoms
